<?xml version='1.0' encoding='ISO-8859-1' ?>
<!-- $Revision: 1.1.6.1.40.1 $ $Date: 2007/08/02 17:20:57 $ -->

<toc version="2.0435">

<tocitem target="index.html">Chebfun

<tocitem target="guide1.html">Getting started with chebfuns</tocitem>
<tocitem target="guide2.html">Integration and differentiation</tocitem>
<tocitem target="guide3.html">Rootfinding and minima and maxima</tocitem>
<tocitem target="guide4.html">Chebfuns and approximation theory</tocitem>
<tocitem target="guide5.html">Complex chebfuns</tocitem>
<tocitem target="guide6.html">Quasimatrices and least squares</tocitem>
<tocitem target="guide7.html">Linear differential equations with chebops</tocitem>
<tocitem target="guide8.html">Chebfun preferences</tocitem>


</tocitem>
</toc>
